section,label,Nom,Définition,Type,exemple valeur,Exemple texte,source
Condition de règlement,pourcentage_avance_signature_contrat,Pourcentage d’avance à la signature du contrat,Pourcentage d’avance à la signature du contrat,INT,10,10 % d’avance à la signature du contrat,2 - ITM Vitré - Marché de travaux - ENTECH - lot PV.pdf
Condition de règlement,pourcentage_avancement_situations_mensuelles,Pourcentage à l’avancement sur situations mensuelles,Pourcentage à l’avancement sur situations mensuelles,INT,75,75 % à l’avancement sur situations mensuelles,2 - ITM Vitré - Marché de travaux - ENTECH - lot PV.pdf
Condition de règlement,pourcentage_réception_après_levée_réserves,"Pourcentage à la réception, après levée des réserves","Pourcentage à la réception, après levée des réserves",INT,10,10 % à la réception,2 - ITM Vitré - Marché de travaux - ENTECH - lot PV.pdf
Condition de règlement,pourcentage_un_an_après_réception_travaux,Pourcentage un an après la réception des travaux,Pourcentage un an après la réception des travaux,INT,5,5 % un an après la réception,2 - ITM Vitré - Marché de travaux - ENTECH - lot PV.pdf
Condition de règlement,has_avance_forfaitaire,Condition Avance forfaitaire,Avance forfaitaire ayant une condition,BOOLEAN,TRUE,Le versement de l’avance forfaitaire de 10% sera subordonné à la constitution préalable d’une garantie à première demande.,2 - ITM Vitré - Marché de travaux - ENTECH - lot PV.pdf
Condition de règlement,has_retenue_garantie_engagement_performance,Montant Retenue de garantiesuite à engagement de performance,Pourcentage retenu sur le montant total du marché pour les défauts de performances suite à l'engagement de performance,BOOLEAN,TRUE,"""
Une retenue de 5% du montant total du marché sera effectuée au regard de la retenue de garantie et de l’Engagement de Performance""",2 - ITM Vitré - Marché de travaux - ENTECH - lot PV.pdf
Pénalité,pourcentage_penalite_retard,Pénalité de retard,"Pourcentage  du montant de Sanction financière appliquée en cas de non-respect des délais contractuels, exprimée en pourcentage du montant des travaux par jour ouvré.",INT,2,Pénalité de retard de 2% du montant des travaux par jour ouvré en cas de non-respect des délais.,2 - ITM Vitré - Marché de travaux - ENTECH - lot PV.pdf
Pénalité,montant_plafond_penalite_retard,Plafond de pénalités,"Limite maximale du montant total des pénalités de retard, exprimée en pourcentage du montant du marché.",INT,8,Le montant des pénalités de retard est plafonné à 8% du montant du marché.,2 - ITM Vitré - Marché de travaux - ENTECH - lot PV.pdf
Pénalité,has_penalite_absence,Pénalité d'absence,Sanction financière pour absence aux réunions de chantier ou non-respect des consignes de sécurité.,BOOLEAN,TRUE,"Absence aux réunions de chantier : 100€/jour, Absence du responsable d'équipe : 100€/jour.",2 - ITM Vitré - Marché de travaux - ENTECH - lot PV.pdf
Compte rendu de chantier,delais_jour_compte_rendu_chantier,Délais Compte rendu de chantier,"Nombre de jour pour la rédaction du document formalisant les instructions et observations du chantier, avec un délai pour les observations des entreprises.",INT,3,Les Entreprises sont réputées avoir accepté le compte-rendu de chantier à défaut d’avoir présenté leurs observations dans les 3 jours.,2 - ITM Vitré - Marché de travaux - ENTECH - lot PV.pdf
Assurances,has_assurance_vol_chantier,Assurance vol,Présence d'une couverture des risques de vol sur le chantier.,BOOLEAN,TRUE,"L'Entreprise doit être assuré contre les risques suivants :
- Effondrement de tout ou partie de l'immeuble 
-Responsabilités biennale et décennale découlant des articles 1792 et 2270 du Code civil lorsque ceux-ci s'appliquent.
-Responsabilité civile envers les tiers
-Dégât des eaux et incendie sur le chantier
-Vol sur le chantier",2 - ITM Vitré - Marché de travaux - ENTECH - lot PV.pdf
Assurances,has_attestation_assurance_nominative_avant_signature,Attestation d'assurance nominative avant signature,"Document prouvant la couverture d'assurance spécifique au chantier, à fournir avant la signature du contrat.",BOOLEAN,TRUE,Une attestation d’assurance nominative de chantier sera à fournir au maître d’ouvrage avant la signature du contrat.,2 - ITM Vitré - Marché de travaux - ENTECH - lot PV.pdf
Pénalité,pourcentage_penalite_mise_en_demeure,Pourcentage du montant suite à une mise en demeure,Montant pénalité par jours de retard suite à une notification formelle adressée à une entreprise pour non-respect d’une obligation contractuelle,INT,2,"Dans le cas où une Entreprise ne respecterait pas les délais impartis et s'il ne donnait pas suite dans les 3 jours qui suivent une mise en demeure du maître d'œuvre, il se verrait infliger une pénalité de retard, par jour ouvré, de 2% du montant de ses travaux. ",2 - ITM Vitré - Marché de travaux - ENTECH - lot PV.pdf
Employés et sous-traitants,has_sous_traitance_second_rang,sous traitance de second rang,possibilité pour la Maîtrise d'Œuvre de faire appel à des sous-traitants de second rang,BOOLEAN,TRUE,"La Maîtrise d'Œuvre pourra faire appel à des sous-traitants de second rang, sous réserve de leur validation préalable par le Maître d'Ouvrage.",1 - Annexe 15 - Contrat_ref_ITM 260626_commente_Entech.docx.pdf
Indemnisation,has_indemnisation_dommage_immateriel,Indemnisation des dommages immatériels,Présence d'une indemnisation des dommages immatériels,BOOLEAN,TRUE,Présence d'une indemnisation des dommages immatériels,1 - Annexe 15 - Contrat_ref_ITM 260626_commente_Entech.docx.pdf
Pénalité,has_plafond_penalites,Présence d'un plafond global de pénalités,Indique si le contrat prévoit un plafond maximum pour l'ensemble des pénalités pouvant être appliquées à Entech.,BOOLEAN,TRUE,L'ensemble des pénalités applicables au Constructeur est plafonné.,Annexe 10 - CGV Entech_16102025.pdf
Pénalité,pourcentage_plafond_penalites,Plafond global des pénalités,Pourcentage maximal du montant du contrat pouvant être appliqué au titre de l'ensemble des pénalités.,INT,15,L'ensemble des pénalités applicables est plafonné à 15 % du montant du Contrat.,Annexe 10 - CGV Entech_16102025.pdf
Pénalité,has_penalites_forfaitaires,Caractère forfaitaire des pénalités,Indique si les pénalités prévues par le contrat ont un caractère forfaitaire.,BOOLEAN,TRUE,Toutes les pénalités dont l'Entreprise pourrait être redevable sont forfaitaires.,Annexe 10 - CGV Entech_16102025.pdf
Pénalité,has_penalites_liberatoires,Caractère libératoire des pénalités,Indique si le paiement d'une pénalité libère Entech de toute indemnisation supplémentaire au titre du même manquement.,BOOLEAN,TRUE,Les pénalités sont forfaitaires et leur paiement est libératoire.,Annexe 10 - CGV Entech_16102025.pdf
Responsabilité,has_exclusion_dommages_indirects,Exclusion des dommages indirects,Indique si le contrat exclut la responsabilité d'Entech pour les préjudices indirects et dommages immatériels.,BOOLEAN,TRUE,Aucune des Parties ne pourra voir sa responsabilité engagée pour la réparation de tout préjudice indirect ou dommage immatériel.,Annexe 10 - CGV Entech_16102025.pdf
Responsabilité,has_exclusion_perte_exploitation,Exclusion des pertes d'exploitation,Indique si les pertes d'exploitation sont exclues des dommages indemnisables par Entech.,BOOLEAN,TRUE,Les pertes d'exploitation sont exclues des préjudices pouvant donner lieu à indemnisation.,Annexe 10 - CGV Entech_16102025.pdf
Responsabilité,has_exclusion_perte_profit,Exclusion des pertes de profit,"Indique si les pertes de profit, revenus ou manque à gagner sont exclues de la responsabilité d'Entech.",BOOLEAN,TRUE,"Sont notamment exclues les pertes de profit, de revenus et le manque à gagner.",Annexe 10 - CGV Entech_16102025.pdf
Responsabilité,has_exclusion_perte_production,Exclusion des pertes de production,Indique si les pertes de production sont exclues des dommages pouvant être réclamés à Entech.,BOOLEAN,TRUE,Les pertes de production ne peuvent donner lieu à indemnisation.,Annexe 10 - CGV Entech_16102025.pdf
Responsabilité,has_plafond_responsabilite,Présence d'un plafond de responsabilité,Indique si la responsabilité financière totale d'Entech est plafonnée contractuellement.,BOOLEAN,TRUE,La responsabilité des Parties est strictement limitée.,Annexe 10 - CGV Entech_16102025.pdf
Responsabilité,pourcentage_plafond_responsabilite,Plafond de responsabilité,Pourcentage maximal du montant du contrat auquel la responsabilité totale d'Entech est limitée.,INT,100,La responsabilité des Parties est strictement limitée à 100 % du montant du Contrat.,Annexe 10 - CGV Entech_16102025.pdf
Responsabilité,has_exclusion_fait_tiers,Exclusion de responsabilité pour fait d'un tiers,Indique si Entech est exonérée de responsabilité lorsque le dommage ou retard résulte du fait d'un tiers.,BOOLEAN,TRUE,La responsabilité des Parties ne pourra pas être recherchée pour tout fait d'un tiers.,Annexe 10 - CGV Entech_16102025.pdf
Responsabilité,has_exclusion_fait_acheteur,Exclusion de responsabilité pour fait de l'Acheteur,Indique si Entech est exonérée de responsabilité pour les conséquences résultant d'un acte ou manquement de l'Acheteur.,BOOLEAN,TRUE,La responsabilité de l'Entreprise ne pourra pas être recherchée pour tout fait de l'Acheteur lui-même.,Annexe 10 - CGV Entech_16102025.pdf
Force majeure,has_clause_force_majeure,Présence d'une clause de force majeure,Indique si le contrat prévoit la suspension ou l'exonération des obligations d'Entech en cas de force majeure.,BOOLEAN,TRUE,Les Parties ne pourront être tenues responsables si la non-exécution résulte d'un cas de Force majeure.,Annexe 10 - CGV Entech_16102025.pdf
Force majeure,has_intemperies_force_majeure,Intempéries couvertes par la force majeure,Indique si les intempéries sont explicitement reconnues parmi les événements pouvant exonérer ou suspendre les obligations d'Entech.,BOOLEAN,TRUE,Les intempéries sont considérées comme cas de force majeure.,Annexe 10 - CGV Entech_16102025.pdf
Force majeure,has_penurie_materiaux_force_majeure,Pénurie de matières premières couverte,Indique si les pénuries de matières premières ou difficultés d'approvisionnement peuvent constituer un événement exonératoire.,BOOLEAN,TRUE,Les blocages d'approvisionnement et pénuries de matières premières sont considérés comme des cas de force majeure.,Annexe 10 - CGV Entech_16102025.pdf
Force majeure,has_suspension_penalites_force_majeure,Suspension des pénalités en cas de force majeure,Indique si aucun dommage-intérêt ou pénalité de retard ne peut être appliqué pendant une suspension causée par un événement de force majeure.,BOOLEAN,TRUE,La suspension des obligations ne pourra induire le versement de dommages et intérêts ou de pénalités de retard.,Annexe 10 - CGV Entech_16102025.pdf
Résiliation,delai_mise_en_demeure_resiliation,Délai de régularisation avant résiliation,Nombre de jours accordés à une partie pour remédier à un manquement avant qu'une résiliation puisse intervenir.,INT,30,La Partie lésée pourra mettre en demeure l'autre Partie de remédier au manquement dans un délai de trente jours.,Annexe 10 - CGV Entech_16102025.pdf
Résiliation,has_paiement_prestations_executees_resiliation,Paiement des prestations exécutées en cas de résiliation,"Indique si les prestations, travaux et produits déjà exécutés ou livrés restent dus par l'Acheteur après résiliation du contrat.",BOOLEAN,TRUE,Les Services et Marchés de Travaux exécutés et les Produits livrés resteront dus et devront être réglés par l'Acheteur.,Annexe 10 - CGV Entech_16102025.pdf
Entrée en vigueur,has_condition_autorisations_administratives,Condition suspensive d'autorisations administratives,Indique si le début d'exécution des travaux est conditionné à l'obtention des autorisations administratives nécessaires au projet.,BOOLEAN,TRUE,Le début d'exécution est conditionné à l'obtention des autorisations administratives nécessaires au Projet.,Annexe 10 - CGV Entech_16102025.pdf
Entrée en vigueur,has_condition_financement,Condition suspensive de financement,Indique si le début d'exécution des travaux est conditionné à l'obtention du financement et des garanties nécessaires au projet.,BOOLEAN,TRUE,Le début d'exécution est conditionné à l'obtention des financements et garanties nécessaires au Projet.,Annexe 10 - CGV Entech_16102025.pdf
Entrée en vigueur,has_condition_accord_raccordement,Condition suspensive d'accord de raccordement,Indique si le début d'exécution du marché est conditionné à l'obtention de l'accord du gestionnaire de réseau pour le raccordement.,BOOLEAN,TRUE,Le début d'exécution est conditionné à l'obtention de l'accord de raccordement du gestionnaire de réseau.,Annexe 10 - CGV Entech_16102025.pdf
Entrée en vigueur,has_condition_ordre_service,Ordre de Service comme condition de démarrage,Indique si l'émission d'un Ordre de Service fait partie des conditions requises pour commencer l'exécution des travaux.,BOOLEAN,TRUE,Le début des travaux est conditionné à l'émission d'un Ordre de Service.,Annexe 10 - CGV Entech_16102025.pdf
Entrée en vigueur,delai_levee_conditions_suspensives,Délai de levée des conditions suspensives,Durée maximale prévue pour réaliser les conditions nécessaires au démarrage des travaux avant remise en cause du prix et du planning.,INT,6,Les conditions doivent être réalisées dans les six mois suivant la signature du Contrat.,Annexe 10 - CGV Entech_16102025.pdf
Entrée en vigueur,has_revision_prix_si_conditions_non_levees,Révision du prix en cas de non-levée des conditions,Indique si Entech peut remettre à jour son prix lorsque les conditions suspensives ne sont pas réalisées dans le délai prévu.,BOOLEAN,TRUE,"En cas d'absence de réalisation des conditions dans un délai de six mois, le Constructeur ne sera plus tenu par ses engagements en termes de prix.",Annexe 10 - CGV Entech_16102025.pdf
Entrée en vigueur,has_revision_planning_si_conditions_non_levees,Révision du planning en cas de non-levée des conditions,Indique si Entech peut remettre à jour le planning lorsque les conditions suspensives ne sont pas réalisées dans le délai prévu.,BOOLEAN,TRUE,"En cas d'absence de réalisation des conditions dans un délai de six mois, le Constructeur ne sera plus tenu par ses engagements en termes de planning.",Annexe 10 - CGV Entech_16102025.pdf
Études,has_frais_etudes_non_remboursables,Frais d'études non remboursables,Indique si les frais d'étude restent dus à Entech même lorsque les conditions permettant de commencer les travaux ne sont finalement pas réalisées.,BOOLEAN,TRUE,Les frais d'étude sont dus à l'entrée en vigueur du Contrat et ne sont pas remboursables.,Annexe 10 - CGV Entech_16102025.pdf
Condition de règlement,has_facturation_commande,Facturation lors de la commande,Indique si l'échéancier contractuel autorise Entech à facturer une partie du marché lors du passage de commande.,BOOLEAN,TRUE,Les factures comprennent une facturation lors du passage de commande auprès du Constructeur.,Annexe 10 - CGV Entech_16102025.pdf
Condition de règlement,has_facturation_materiaux_avant_travaux,Facturation des matériaux avant travaux,Indique si le contrat permet de facturer les matériaux avant le démarrage effectif du chantier.,BOOLEAN,TRUE,Les factures comprennent une facturation à la commande des matériaux au moins deux mois avant le début des travaux.,Annexe 10 - CGV Entech_16102025.pdf
Condition de règlement,delai_facturation_materiaux_avant_travaux,Délai de facturation des matériaux avant travaux,Nombre minimal de mois avant le début des travaux auquel la commande des matériaux peut être facturée.,INT,2,Une facturation à la commande des matériaux intervient au moins deux mois avant le début des travaux.,Annexe 10 - CGV Entech_16102025.pdf
Révision du prix,has_revision_prix_materiaux,Clause de révision du prix des matériaux,Indique si Entech peut réviser le prix contractuel en cas d'augmentation significative du coût des matériaux.,BOOLEAN,TRUE,Le prix pourra être révisé en cas de variation à la hausse des matériaux.,Annexe 10 - CGV Entech_16102025.pdf
Révision du prix,pourcentage_seuil_revision_prix,Seuil de déclenchement de la révision de prix,Variation minimale d'un indice de référence permettant de déclencher une révision du prix.,INT,10,La révision du prix interviendra en cas d'augmentation d'au moins dix pour cent d'un des indices.,Annexe 10 - CGV Entech_16102025.pdf
Révision du prix,has_indice_revision_modules,Indice de révision des modules photovoltaïques,Indique si un indice de référence est prévu pour ajuster le prix des modules photovoltaïques en cas de hausse de prix.,BOOLEAN,TRUE,"Pour les modules photovoltaïques, l'indice PVXchange Mainstream est utilisé.",Annexe 10 - CGV Entech_16102025.pdf
Révision du prix,has_indice_revision_metaux,Indice de révision des métaux,Indique si un indice de référence est prévu pour ajuster les composantes métalliques du prix du marché.,BOOLEAN,TRUE,"Pour les métaux, l'indice INSEE de prix d'importation de produits métallurgiques est utilisé.",Annexe 10 - CGV Entech_16102025.pdf
Révision du prix,has_substitution_equipements_revision_prix,Possibilité de substituer des équipements,Indique si Entech peut proposer de nouvelles références d'équipements lors d'une révision du prix lorsque cette substitution est dans l'intérêt de l'Acheteur.,BOOLEAN,TRUE,Le Constructeur pourra proposer de nouvelles références d'équipements et matériels à l'occasion de la révision du prix.,Annexe 10 - CGV Entech_16102025.pdf
Sécurité et coactivité,has_coordinateur_sps_charge_acheteur,Coordinateur SPS à la charge de l'Acheteur,Indique si la désignation d'un coordinateur SPS en situation de coactivité relève de la responsabilité de l'Acheteur.,BOOLEAN,TRUE,"En cas de Coactivité, l'Acheteur est responsable de missionner un coordinateur SPS.",Annexe 10 - CGV Entech_16102025.pdf
Sécurité et coactivité,has_pgc_charge_acheteur,PGC sous responsabilité de l'Acheteur,Indique si l'organisation permettant la rédaction du Plan Général de Coordination relève de la responsabilité de l'Acheteur en situation de coactivité.,BOOLEAN,TRUE,L'Acheteur missionne un coordinateur SPS chargé de rédiger le PGC.,Annexe 10 - CGV Entech_16102025.pdf
Sécurité et coactivité,has_droit_interdiction_acces_chantier,Droit d'interdire l'accès au chantier,Indique si Entech peut interdire l'accès au périmètre de chantier lorsque la présence d'un tiers compromet la sécurité ou l'organisation des travaux.,BOOLEAN,TRUE,Le Constructeur se réserve le droit d'interdire l'accès au périmètre chantier en cas de non-respect des consignes de sécurité.,Annexe 10 - CGV Entech_16102025.pdf
Sécurité et coactivité,has_exclusion_securite_generale_site,Exclusion de responsabilité sur la sécurité générale du site,Indique si Entech n'est responsable que de son périmètre chantier et non de la sécurité générale des zones du site étrangères à ses travaux.,BOOLEAN,TRUE,La responsabilité du Constructeur ne pourra être recherchée relativement à la sécurité générale du Site et aux zones non affectées aux travaux.,Annexe 10 - CGV Entech_16102025.pdf
Sécurité et coactivité,has_gestion_acces_charge_acheteur,Gestion des accès à la charge de l'Acheteur,Indique si la gestion générale des accès au site demeure sous la responsabilité de l'Acheteur.,BOOLEAN,TRUE,L'Acheteur demeure responsable de la gestion des accès au Site.,Annexe 10 - CGV Entech_16102025.pdf
Sécurité et coactivité,has_exclusion_vol_chantier,Exclusion de responsabilité d'Entech pour les vols,Indique si Entech exclut sa responsabilité concernant les pertes ou vols sur le chantier sauf faute qui lui serait imputable.,BOOLEAN,TRUE,Le Constructeur ne pourra être tenu responsable des pertes ou vols affectant les biens présents sur le Site.,Annexe 10 - CGV Entech_16102025.pdf
Travaux préalables,has_etude_structure_charge_acheteur,Étude structure à la charge de l'Acheteur,Indique si les études structurelles préalables nécessaires à la réalisation du projet sont sous la responsabilité de l'Acheteur lorsqu'elles sont prévues au devis.,BOOLEAN,TRUE,"L'Acheteur est responsable des études préalables sur le Site, notamment de l'étude de structure de charpente.",Annexe 10 - CGV Entech_16102025.pdf
Travaux préalables,has_travaux_couverture_charge_acheteur,Travaux de couverture à la charge de l'Acheteur,Indique si les travaux préalables de couverture nécessaires au projet sont sous la responsabilité de l'Acheteur lorsqu'ils sont prévus au devis.,BOOLEAN,TRUE,L'Acheteur est responsable des travaux préalables tels que les travaux de couverture.,Annexe 10 - CGV Entech_16102025.pdf
Travaux préalables,has_terrassement_charge_acheteur,Terrassement à la charge de l'Acheteur,Indique si les travaux de terrassement préalables nécessaires au projet sont sous la responsabilité de l'Acheteur lorsqu'ils sont prévus au devis.,BOOLEAN,TRUE,"L'Acheteur est responsable des travaux préalables sur le Site, notamment du terrassement.",Annexe 10 - CGV Entech_16102025.pdf
Travaux préalables,has_exclusion_responsabilite_travaux_prealables,Exclusion de responsabilité pour les travaux préalables,Indique si Entech exclut sa responsabilité pour les dommages résultant d'études ou travaux préalables relevant de l'Acheteur.,BOOLEAN,TRUE,Il est prévu une exclusion totale de responsabilité du Constructeur pour tout dommage résultant d'une défaillance de l'Acheteur concernant les études et travaux préalables.,Annexe 10 - CGV Entech_16102025.pdf
Raccordement,has_demande_raccordement_charge_acheteur,Demande de raccordement à la charge de l'Acheteur,Indique si la responsabilité de la demande de raccordement au réseau électrique incombe contractuellement à l'Acheteur.,BOOLEAN,TRUE,La demande de raccordement au réseau électrique est à la charge de l'Acheteur.,Annexe 10 - CGV Entech_16102025.pdf
Raccordement,has_frais_raccordement_charge_acheteur,Frais de raccordement à la charge de l'Acheteur,Indique si tous les frais facturés au titre du raccordement au réseau restent à la charge de l'Acheteur.,BOOLEAN,TRUE,Les frais de raccordement demeurent à la charge exclusive de l'Acheteur.,Annexe 10 - CGV Entech_16102025.pdf
Raccordement,has_mandat_raccordement,Mandat requis pour la demande de raccordement,Indique si Entech ne réalise la demande de raccordement pour le compte de l'Acheteur que lorsqu'un mandat de représentation est prévu et signé.,BOOLEAN,TRUE,La demande pourra être effectuée par le Constructeur sous réserve d'un mandat de représentation signé.,Annexe 10 - CGV Entech_16102025.pdf
Sous-traitance,has_droit_sous_traitance,Droit de recours à la sous-traitance,Indique si Entech peut confier à un ou plusieurs sous-traitants tout ou partie des travaux prévus au marché.,BOOLEAN,TRUE,Le Constructeur pourra faire appel à un ou plusieurs sous-traitants pour effectuer tout ou partie des travaux.,Annexe 10 - CGV Entech_16102025.pdf
Planning,has_exclusion_retard_fait_tiers,Retards liés aux tiers non imputables à Entech,Indique si les décalages de planning provoqués par des tiers ne peuvent pas être imputés à Entech.,BOOLEAN,TRUE,Tout décalage de planning en raison de faits imputables à un tiers ne pourra en aucun cas être imputable au Constructeur.,Annexe 10 - CGV Entech_16102025.pdf
Planning,has_exclusion_retard_fait_acheteur,Retards liés à l'Acheteur non imputables à Entech,Indique si les décalages de planning provoqués par l'Acheteur ne peuvent pas être imputés à Entech.,BOOLEAN,TRUE,Tout décalage de planning en raison de faits imputables à l'Acheteur ne pourra en aucun cas être imputable au Constructeur.,Annexe 10 - CGV Entech_16102025.pdf
Planning,has_exclusion_retard_raccordement,Retards de raccordement non imputables à Entech,"Indique si les retards liés au devis, aux travaux ou au traitement du raccordement par le gestionnaire de réseau sont exclus de la responsabilité planning d'Entech.",BOOLEAN,TRUE,Un délai pour l'obtention du devis de raccordement ou les délais de traitement du gestionnaire de réseau ne pourra être imputable au Constructeur.,Annexe 10 - CGV Entech_16102025.pdf
Planning,has_exclusion_retard_consuel,Retards Consuel non imputables à Entech,Indique si les retards liés à l'obtention du Consuel ne sont pas imputables à Entech.,BOOLEAN,TRUE,Les décalages de planning résultant des délais d'obtention du Consuel ne pourront être imputés au Constructeur.,Annexe 10 - CGV Entech_16102025.pdf
Planning,has_exclusion_retard_coactivite,Retards liés à la coactivité non imputables à Entech,Indique si les conséquences de la coactivité sur le planning ne peuvent pas être imputées à Entech.,BOOLEAN,TRUE,Les décalages de planning résultant des conséquences d'une Coactivité sur le Site ne pourront être imputables au Constructeur.,Annexe 10 - CGV Entech_16102025.pdf
Planning,has_demarrage_ingenierie_apres_devis_raccordement,Démarrage ingénierie après devis de raccordement,Indique si les plans d'exécution et les commandes de matériel ne commencent qu'après réception du devis de raccordement du gestionnaire de réseau.,BOOLEAN,TRUE,Le travail d'ingénierie des plans d'exécution et les commandes de matériels ne démarrent qu'à compter de la réception du devis de raccordement.,Annexe 10 - CGV Entech_16102025.pdf
Transfert de propriété,has_reserve_propriete,Clause de réserve de propriété,Indique si Entech reste propriétaire des équipements et matériaux jusqu'à leur paiement complet.,BOOLEAN,TRUE,Le transfert de propriété des équipements intervient lors du paiement complet desdits équipements.,Annexe 10 - CGV Entech_16102025.pdf
Transfert de propriété,has_restitution_equipements_non_paiement,Droit de restitution en cas de non-paiement,Indique si Entech peut demander la restitution des équipements livrés lorsque l'Acheteur ne les a pas intégralement payés.,BOOLEAN,TRUE,"En cas de non-paiement, le Constructeur pourra exiger la restitution des équipements livrés.",Annexe 10 - CGV Entech_16102025.pdf
Suspension des travaux,has_droit_suspension_travaux,Droit de suspendre les travaux,Indique si Entech dispose contractuellement du droit de suspendre l'exécution des travaux dans certaines circonstances.,BOOLEAN,TRUE,Le Constructeur se réserve le droit de suspendre les travaux.,Annexe 10 - CGV Entech_16102025.pdf
Suspension des travaux,has_suspension_acces_site,Suspension en cas d'impossibilité d'accès,Indique si Entech peut suspendre les travaux lorsque l'accès au site est difficile ou impossible.,BOOLEAN,TRUE,Les travaux peuvent être suspendus en cas de difficultés ou impossibilité d'accéder au Site.,Annexe 10 - CGV Entech_16102025.pdf
Suspension des travaux,has_suspension_securite_defaillante,Suspension en cas de sécurité défaillante,Indique si Entech peut suspendre les travaux lorsque les conditions de sécurité du site ne permettent pas une intervention normale.,BOOLEAN,TRUE,Les travaux peuvent être suspendus en cas de sécurité défaillante sur le Site.,Annexe 10 - CGV Entech_16102025.pdf
Suspension des travaux,has_suspension_non_paiement,Suspension en cas de non-paiement,Indique si Entech peut suspendre les travaux lorsque l'Acheteur ne règle pas les sommes dues.,BOOLEAN,TRUE,Les travaux peuvent être suspendus en cas de non-paiement des sommes dues.,Annexe 10 - CGV Entech_16102025.pdf
Suspension des travaux,delai_non_paiement_suspension,Délai de non-paiement permettant la suspension,Nombre de jours calendaires de retard de paiement permettant à Entech de suspendre les travaux.,INT,30,Le Constructeur peut suspendre les travaux en cas de retard de paiement de plus de trente jours calendaires.,Annexe 10 - CGV Entech_16102025.pdf
Suspension des travaux,has_suspension_force_majeure,Suspension en cas de force majeure ou intempéries,Indique si Entech peut suspendre les travaux lorsque survient un cas de force majeure ou des intempéries.,BOOLEAN,TRUE,Les travaux peuvent être suspendus en cas de Force Majeure ou d'intempéries.,Annexe 10 - CGV Entech_16102025.pdf
Suspension des travaux,has_revision_planning_apres_suspension,Mise à jour du planning après suspension,Indique si le planning peut être adapté lorsqu'une suspension des travaux entraîne un décalage du chantier.,BOOLEAN,TRUE,"En cas de décalage sur le planning, les Parties pourront prévoir une mise à jour du planning.",Annexe 10 - CGV Entech_16102025.pdf
Réception,has_reception_avec_reserves,Réception possible avec réserves,Indique si les non-conformités mineures n'empêchant pas l'exploitation permettent une réception de l'ouvrage avec réserves.,BOOLEAN,TRUE,La Réception avec réserves de l'Ouvrage peut être prononcée en cas de non-conformités mineures n'empêchant pas son exploitation.,Annexe 10 - CGV Entech_16102025.pdf
Réception,has_refus_reception_uniquement_non_conformite_majeure,Refus de réception limité aux non-conformités majeures,Indique si l'Acheteur ne peut refuser la réception que lorsque les non-conformités empêchent effectivement l'exploitation de l'ouvrage.,BOOLEAN,TRUE,"En cas de non-conformité majeure empêchant l'exploitation de l'Ouvrage, l'Acheteur peut refuser la Réception.",Annexe 10 - CGV Entech_16102025.pdf
Réception,has_reception_tacite,Présence d'un mécanisme de réception tacite,Indique si la réception peut intervenir automatiquement lorsque l'Acheteur refuse injustement de réceptionner un ouvrage exploitable ou commence à valoriser son énergie.,BOOLEAN,TRUE,La Réception pourra être réputée tacite et sans réserve.,Annexe 10 - CGV Entech_16102025.pdf
Réception,delai_reception_tacite,Délai de réception tacite,Durée permettant de constater une réception tacite après mise en demeure ou exploitation de l'ouvrage selon les conditions contractuelles.,INT,1,La Réception pourra être réputée tacite et sans réserve après un délai d'un mois suivant une mise en demeure de réceptionner.,Annexe 10 - CGV Entech_16102025.pdf
Réception,delai_visite_reception_apres_achevement,Délai maximal de visite de réception après achèvement,Nombre maximal de mois après l'achèvement dans lequel la visite contradictoire de réception doit être organisée.,INT,1,Une visite de Réception est organisée au plus tard un mois après l'achèvement de l'Ouvrage.,Annexe 10 - CGV Entech_16102025.pdf
Réception,has_interdiction_prise_possession_avant_reception,Interdiction de prise de possession avant réception,Indique si l'Acheteur ne peut prendre possession ou exploiter normalement l'ouvrage avant sa réception.,BOOLEAN,TRUE,Aucune prise de possession anticipée ne pourra avoir lieu par l'Acheteur avant la Réception.,Annexe 10 - CGV Entech_16102025.pdf
Transfert des risques,has_transfert_risques_reception,Transfert des risques à la réception,Indique si les risques liés à l'ouvrage sont transférés de Entech vers l'Acheteur au moment de la réception avec ou sans réserve.,BOOLEAN,TRUE,La Réception avec ou sans réserve marque le transfert des risques liés à l'Ouvrage du Constructeur à l'Acheteur.,Annexe 10 - CGV Entech_16102025.pdf
Transfert des risques,has_exploitation_maintenance_charge_acheteur_apres_reception,Exploitation et maintenance à la charge de l'Acheteur après réception,Indique si l'Acheteur devient seul responsable des risques liés à l'exploitation et à la maintenance après réception de l'ouvrage.,BOOLEAN,TRUE,"À la Réception, l'Acheteur devient seul responsable des risques liés à l'exploitation et à la maintenance de l'Ouvrage.",Annexe 10 - CGV Entech_16102025.pdf
Garanties,delai_garantie_parfait_achevement,Durée de la garantie de parfait achèvement,Durée en années de la garantie de parfait achèvement à compter de la réception de l'ouvrage.,INT,1,Le Constructeur est tenu de réparer les désordres signalés dans un délai d'un an à compter de la Réception.,Annexe 10 - CGV Entech_16102025.pdf
Garanties,delai_garantie_biennale,Durée de la garantie biennale,Durée en années de la garantie de bon fonctionnement applicable aux équipements dissociables de l'ouvrage.,INT,2,Les équipements dissociables bénéficient d'une garantie de bon fonctionnement pendant une durée de deux ans.,Annexe 10 - CGV Entech_16102025.pdf
Garanties,delai_garantie_decennale,Durée de la garantie décennale,Durée en années de la responsabilité décennale applicable aux dommages relevant de la garantie décennale.,INT,10,Le constructeur est responsable pendant une période de dix ans à compter de la Réception.,Annexe 10 - CGV Entech_16102025.pdf
Garanties,has_depart_garanties_a_reception,Départ des garanties à la réception,"Indique si les garanties légales commencent à courir à la date de réception, indépendamment de la levée ultérieure des réserves.",BOOLEAN,TRUE,Les garanties légales commencent à courir à la date de Réception indépendamment de toute levée de réserves.,Annexe 10 - CGV Entech_16102025.pdf
Périmètre,has_maintenance_exclue_marche_travaux,Maintenance exclue du marché de travaux,Indique si les prestations de maintenance sont exclues du périmètre du marché de travaux et nécessitent un contrat distinct.,BOOLEAN,TRUE,La maintenance de l'Ouvrage est exclue des conditions du Marché de Travaux.,Annexe 10 - CGV Entech_16102025.pdf
Assurances,has_rc_decennale,Assurance responsabilité civile décennale,Indique si Entech est uniquement tenue de souscrire l'assurance décennale applicable à son activité et aux ouvrages concernés.,BOOLEAN,TRUE,Le Constructeur atteste avoir souscrit une assurance responsabilité civile décennale.,Annexe 10 - CGV Entech_16102025.pdf
Assurances,has_rc_professionnelle,Assurance responsabilité civile professionnelle,Indique si Entech est couverte par une assurance responsabilité civile professionnelle.,BOOLEAN,TRUE,Le Constructeur atteste avoir souscrit une assurance responsabilité civile professionnelle.,Annexe 10 - CGV Entech_16102025.pdf
Assurances,has_trc_charge_acheteur,Assurance tous risques chantier à la charge de l'Acheteur,Indique si l'assurance Tous Risques Chantier n'est pas souscrite par Entech et relève de l'Acheteur.,BOOLEAN,TRUE,"Le Constructeur ne souscrit pas d'assurance tous risques chantiers, qui est à la charge de l'Acheteur.",Annexe 10 - CGV Entech_16102025.pdf
Assurances,has_absence_couverture_vol_entech,Absence de couverture vol d'Entech,Indique si Entech n'est contractuellement pas assurée pour les vols pouvant survenir sur le chantier.,BOOLEAN,TRUE,Le Constructeur n'est pas couvert pour les vols pouvant survenir sur le chantier.,Annexe 10 - CGV Entech_16102025.pdf
Assurances,has_materiel_acheteur_sous_responsabilite_acheteur,Matériel de l'Acheteur sous sa responsabilité,Indique si l'Acheteur reste responsable de son propre matériel pendant toute la durée du marché en cas de coactivité.,BOOLEAN,TRUE,"En cas de Coactivité sur le Site pendant les travaux, l'Acheteur reste responsable de son matériel.",Annexe 10 - CGV Entech_16102025.pdf